{
  "results": [
    {
      "name": "text_only_unweighted",
      "acc": 0.6203065134099617,
      "wf1": 0.5841515140174448,
      "mf1": 0.37541185580250497,
      "per_class_f1": {
        "anger": 0.4027303754266212,
        "disgust": 0.10256410256410256,
        "fear": 0.07272727272727272,
        "joy": 0.5375302663438257,
        "neutral": 0.7707317073170733,
        "sadness": 0.23880597014925373,
        "surprise": 0.5027932960893855
      },
      "elapsed_s": 49.75054407119751
    },
    {
      "name": "text_only_balanced",
      "acc": 0.5295019157088122,
      "wf1": 0.558150462669135,
      "mf1": 0.4103035982840982,
      "per_class_f1": {
        "anger": 0.41960183767228176,
        "disgust": 0.23622047244094488,
        "fear": 0.12173913043478261,
        "joy": 0.5703794369645043,
        "neutral": 0.672566371681416,
        "sadness": 0.3216494845360825,
        "surprise": 0.529968454258675
      },
      "elapsed_s": 49.751540184020996
    },
    {
      "name": "concat_TAV_unweighted",
      "acc": 0.553639846743295,
      "wf1": 0.5377582531986467,
      "mf1": 0.3403192691629594,
      "per_class_f1": {
        "anger": 0.3432343234323432,
        "disgust": 0.11864406779661017,
        "fear": 0.0784313725490196,
        "joy": 0.4617283950617284,
        "neutral": 0.7336309523809524,
        "sadness": 0.21364985163204747,
        "surprise": 0.4329159212880143
      },
      "elapsed_s": 138.34310603141785
    }
  ],
  "expected": {
    "text_only_unweighted": {
      "wf1": 0.58,
      "mf1": 0.405
    },
    "text_only_balanced": {
      "wf1": 0.476,
      "mf1": 0.326
    },
    "concat_TAV_unweighted": {
      "wf1": 0.51,
      "mf1": null
    }
  }
}